{
  "/api/config": {
    "p50": 1.7944919998171827,
    "p95": 1.8055420000564482,
    "avg": 1.7906545999721857
  },
  "/api/clipboard": {
    "p50": 2.3706880001554964,
    "p95": 2.4293270000725897,
    "avg": 2.381586000092284
  },
  "/api/screenshot": {
    "p50": 2.3626019999483105,
    "p95": 2.4051820000750013,
    "avg": 2.439800599950104
  },
  "/api/capture": {
    "p50": 10.142773000097804,
    "p95": 11.341722999986814,
    "avg": 13.075014000014562
  }
}
